username,first_name,last_name,password,groups
jsmith1,John,Smith,P@ssw0rd,hq
mjones2,Mary,Jones,P@ssw0rd,br
dwilson3,David,Wilson,P@ssw0rd,it
slee4,Sarah,Lee,P@ssw0rd,sales
mjackson5,Michael,Jackson,P@ssw0rd,hq
lkim6,Lisa,Kim,P@ssw0rd,br
rpatel7,Raj,Patel,P@ssw0rd,it
agarcia8,Anna,Garcia,P@ssw0rd,sales
tnguyen9,Thomas,Nguyen,P@ssw0rd,hq
emiller10,Emily,Miller,P@ssw0rd,br
jdoe11,Jane,Doe,P@ssw0rd,it
rwilliams12,Robert,Williams,P@ssw0rd,sales
mbrown13,Megan,Brown,P@ssw0rd,hq
jdavis14,James,Davis,P@ssw0rd,br
lmoore15,Laura,Moore,P@ssw0rd,it
wtaylor16,William,Taylor,P@ssw0rd,sales
aanderson17,Ashley,Anderson,P@ssw0rd,hq
cthomas18,Christopher,Thomas,P@ssw0rd,br
mjackson19,Michelle,Jackson,P@ssw0rd,it
dwhite20,Daniel,White,P@ssw0rd,sales
jharris21,Jennifer,Harris,P@ssw0rd,hq
mmartin22,Matthew,Martin,P@ssw0rd,br
sthompson23,Stephanie,Thompson,P@ssw0rd,it
rgarcia24,Ryan,Garcia,P@ssw0rd,sales
lmartinez25,Linda,Martinez,P@ssw0rd,hq
jrobinson26,Justin,Robinson,P@ssw0rd,br
cclark27,Christina,Clark,P@ssw0rd,it
prodriguez28,Paul,Rodriguez,P@ssw0rd,sales
mlewis29,Margaret,Lewis,P@ssw0rd,hq
jlee30,Jason,Lee,P@ssw0rd,br
awalker31,Amanda,Walker,P@ssw0rd,it
shall32,Scott,Hall,P@ssw0rd,sales
kyoung33,Karen,Young,P@ssw0rd,hq
aallen34,Andrew,Allen,P@ssw0rd,br
mking35,Melissa,King,P@ssw0rd,it
swright36,Samuel,Wright,P@ssw0rd,sales
lscott37,Laura,Scott,P@ssw0rd,hq
dgreen38,Dylan,Green,P@ssw0rd,br
mbaker39,Michelle,Baker,P@ssw0rd,it
jadams40,John,Adams,P@ssw0rd,sales
rnelson41,Rebecca,Nelson,P@ssw0rd,hq
kcarter42,Kevin,Carter,P@ssw0rd,br
amitchell43,Amy,Mitchell,P@ssw0rd,it
pperez44,Peter,Perez,P@ssw0rd,sales
sroberts45,Susan,Roberts,P@ssw0rd,hq
jturner46,Jack,Turner,P@ssw0rd,br
kphillips47,Kelly,Phillips,P@ssw0rd,it
rcampbell48,Richard,Campbell,P@ssw0rd,sales
pparker49,Pamela,Parker,P@ssw0rd,hq
eevans50,Eric,Evans,P@ssw0rd,br
medwards51,Maria,Edwards,P@ssw0rd,it
jcollins52,Jessica,Collins,P@ssw0rd,sales
astewart53,Anthony,Stewart,P@ssw0rd,hq
hsanchez54,Heather,Sanchez,P@ssw0rd,br
mmorris55,Mark,Morris,P@ssw0rd,it
lrogers56,Laura,Rogers,P@ssw0rd,sales
jreed57,Jeremy,Reed,P@ssw0rd,hq
acook58,Angela,Cook,P@ssw0rd,br
rmorgan59,Rachel,Morgan,P@ssw0rd,it
bbell60,Brandon,Bell,P@ssw0rd,sales
lmurphy61,Lisa,Murphy,P@ssw0rd,hq
jbailey62,Joshua,Bailey,P@ssw0rd,br
arivera63,Amanda,Rivera,P@ssw0rd,it
ccooper64,Charles,Cooper,P@ssw0rd,sales
mrichardson65,Megan,Richardson,P@ssw0rd,hq
jcox66,Jonathan,Cox,P@ssw0rd,br
dhoward67,Diana,Howard,P@ssw0rd,it
jward68,Joseph,Ward,P@ssw0rd,sales
atorres69,Andrea,Torres,P@ssw0rd,hq
mpeterson70,Michael,Peterson,P@ssw0rd,br
lgray71,Linda,Gray,P@ssw0rd,it
aramirez72,Aaron,Ramirez,P@ssw0rd,sales
sjames73,Sarah,James,P@ssw0rd,hq
kwatson74,Kenneth,Watson,P@ssw0rd,br
mbrooks75,Michelle,Brooks,P@ssw0rd,it
bkelly76,Brian,Kelly,P@ssw0rd,sales
asanders77,Ashley,Sanders,P@ssw0rd,hq
jprice78,Jacob,Price,P@ssw0rd,br
cbennett79,Christine,Bennett,P@ssw0rd,it
dwood80,Donald,Wood,P@ssw0rd,sales
pbarnes81,Patricia,Barnes,P@ssw0rd,hq
rross82,Ryan,Ross,P@ssw0rd,br
chenderson83,Cynthia,Henderson,P@ssw0rd,it
jcoleman84,Jeffrey,Coleman,P@ssw0rd,sales
mjenkins85,Martha,Jenkins,P@ssw0rd,hq
pperry86,Patrick,Perry,P@ssw0rd,br
lpowell87,Lisa,Powell,P@ssw0rd,it
along88,Amy,Long,P@ssw0rd,sales
jpatterson89,Jerry,Patterson,P@ssw0rd,hq
dhughes90,Deborah,Hughes,P@ssw0rd,br
rflores91,Raymond,Flores,P@ssw0rd,it
kwashington92,Katherine,Washington,P@ssw0rd,sales
jbutler93,Janet,Butler,P@ssw0rd,hq
psimmons94,Peter,Simmons,P@ssw0rd,br
mfoster95,Margaret,Foster,P@ssw0rd,it
dgonzales96,Dennis,Gonzales,P@ssw0rd,sales
abryant97,Ann,Bryant,P@ssw0rd,hq
jalexander98,Joshua,Alexander,P@ssw0rd,br
crussell99,Carol,Russell,P@ssw0rd,it
jgriffin100,Julia,Griffin,P@ssw0rd,sales
